{
  "Linear Regression": {
    "MSE": 0.0002660113114862166,
    "RMSE": 0.016309853202472933,
    "MAE": 0.011263997883449063,
    "R2": 0.9707016942520471,
    "Training_Time": 0.014729022979736328
  },
  "Random Forest": {
    "MSE": 0.00942287676703357,
    "RMSE": 0.09707150337268693,
    "MAE": 0.06908841355851204,
    "R2": -0.03782926749765947,
    "Training_Time": 0.2905747890472412
  },
  "SVR": {
    "MSE": 0.07789547765490891,
    "RMSE": 0.27909761313008197,
    "MAE": 0.2216239669109616,
    "R2": -7.579355170896973,
    "Training_Time": 0.1913461685180664
  },
  "LSTM": {
    "MSE": 0.001887912539676348,
    "RMSE": 0.0434501155312198,
    "MAE": 0.0348884409314903,
    "R2": 0.7920665910641247,
    "Training_Time": 32.32815909385681
  }
}